"Reddish, Cam"
"Bolden, Marques"
"Barrett, RJ"
"Jones, Tre"
"Williamson, Zion"
"O'Connell, Alex"
"Vrankovic, Antonio"
"White, Jack"
"DeLaurier, Javin"
"Goldwire, Jordan"
"Robinson, Justin"
"Hagans, Ashton"
"Johnson, Keldon"
"Washington, PJ"
"Travis, Reid"
"Herro, Tyler"
"Montgomery, EJ"
"Quickley, Immanuel"
"Richards, Nick"
"Green, Quade"
"Berry II, Joel"
"Johnson, Cameron"
"Maye, Luke"
"Pinson, Theo"
"Williams, Kenny"
"Brooks, Garrison"
"Huffman, Brandon"
"Manley, Sterling"
"Platek, Andrew"
"Robinson, Brandon"
"Woods, Seventh"
"Trent, Jr., Gary"
"Allen, Grayson"
"DeLaurier, Javin"
"Bagley III, Marvin"
"Carter, Jr., Wendell"
"O'Connell, Alex"
"White, Jack"
"Bolden, Marques"
"Duval, Trevon"
"Allen, Grayson"
"Bolden, Marques"
"Carter, Jr., Wendell"
"O'Connell, Alex"
"Trent, Jr., Gary"
"DeLaurier, Javin"
"Duval, Trevon"
"Goldwire, Jordan"
"White, Jack"
"Alston, Brandon"
"Alvarado, Jose"
"Gueye, Abdoulaye"
"Lammers, Ben"
"Okogie, Josh"
"Cole, Evan"
"Jackson, Tadric"
"Wright, Moses"